timestamp,cpu,memory,disk_read,disk_write,event
1764966556.3753533,15.4,58.7,1410807459840,719356985344,
1764966557.3763804,52.4,61.5,1410808008704,719356985344,
1764966558.3770394,30.5,61.5,1410808762368,719357009920,
1764966559.3797781,32.3,62.1,1410817331200,719357157376,
1764966560.3806434,33.0,64.3,1410819362816,719357157376,
1764966561.3815153,41.4,64.4,1410820452352,719364784128,
1764966562.3822541,26.9,65.5,1410820902912,719364784128,
1764966563.3830419,25.9,66.5,1410822672384,719364784128,
1764966564.3841364,59.5,67.8,1410822942720,719364784128,
1764966565.3853996,30.8,67.1,1410824712192,719364841472,
1764966566.3865712,3.9,67.2,1410825342976,719365496832,
1764966567.3879697,36.9,69.4,1410825490432,719365521408,
1764966568.3891883,88.6,73.4,1410825490432,719365521408,
1764966569.390192,75.7,73.8,1410825490432,719365521408,
1764966570.3912995,69.3,74.4,1410825490432,719365521408,
1764966571.394697,77.7,76.7,1410825490432,719366176768,
1764966572.3963132,96.2,77.8,1410825490432,719366184960,
1764966573.3985128,86.6,77.8,1410825490432,719366184960,
1764966574.3999984,68.8,80.1,1410825490432,719366184960,
1764966575.4008477,67.4,83.4,1410825490432,719366184960,
1764966576.4020057,91.8,87.7,1410839752704,719484510208,
1764966577.4032338,90.9,86.7,1410861993984,719533522944,
1764966578.4042814,82.6,87.0,1410875469824,719533522944,
1764966579.4056716,73.2,81.8,1410877968384,719533662208,
1764966580.4062164,64.5,70.6,1410894024704,719533662208,
1764966581.4076426,63.4,64.4,1410924457984,719534284800,
1764966582.4087055,87.3,66.6,1410928889856,719534284800,
1764966583.410267,69.1,68.9,1410929676288,719534284800,
1764966584.4113302,70.2,69.7,1410931281920,719534284800,
1764966585.412818,88.4,71.9,1410932273152,719534284800,
1764966586.4141946,91.6,73.3,1410938056704,719534776320,
1764966587.4153287,75.5,73.1,1410942267392,719534776320,
1764966588.4165504,68.7,74.9,1410943447040,719534776320,
1764966589.417819,79.7,79.5,1410946969600,719534776320,
1764966590.4210675,95.4,82.9,1410972430336,719535742976,
1764966591.42465,93.4,88.3,1410984087552,719547441152,
1764966592.4260175,77.1,82.8,1410984529920,719589744640,
1764966593.427597,72.2,74.8,1410984882176,719589744640,
1764966594.4288678,72.3,66.1,1410984898560,719590318080,
1764966595.4312942,94.4,68.5,1410985168896,719590318080,
1764966596.432412,84.8,69.6,1410985758720,719590326272,
1764966597.433377,69.4,70.8,1410987036672,719669813248,
1764966598.434664,72.1,72.4,1410987167744,719669813248,
1764966599.4381707,97.4,76.8,1410989658112,719670640640,
1764966600.4402256,95.8,77.4,1410991198208,719670640640,
1764966601.4414709,80.3,78.4,1410991730688,719670640640,
1764966602.4426577,69.1,82.2,1410994524160,719674384384,
1764966603.444202,73.2,86.1,1411003043840,719674384384,
1764966604.4454122,96.0,87.5,1411009654784,719675908096,
1764966605.4462972,89.7,86.4,1411010834432,719680249856,
1764966606.4477103,70.1,77.8,1411011022848,719681093632,
1764966607.449483,54.8,63.9,1411011284992,719681093632,
1764966608.4547513,85.9,67.6,1411011637248,719681093632,
1764966609.4558709,95.3,70.1,1411011842048,719681945600,
1764966610.4569354,86.3,69.7,1411011842048,719681945600,
1764966611.4581919,68.3,71.0,1411011842048,719681945600,
1764966612.4594345,70.0,72.5,1411011842048,719681945600,
1764966613.4609485,90.0,75.1,1411011842048,719681945600,
1764966614.4627712,92.3,77.4,1411014258688,719682240512,
1764966615.46386,72.9,78.3,1411016732672,719682240512,
1764966616.4649844,68.1,78.0,1411021352960,719682240512,
1764966617.46666,81.4,78.9,1411023712256,719682240512,
1764966618.4681914,95.7,77.4,1411026415616,719682240512,
1764966619.4692981,84.4,69.5,1411027292160,719682846720,
1764966620.4705613,67.2,66.9,1411027374080,719682846720,
1764966621.4716601,70.0,69.2,1411027382272,719682846720,
1764966622.4780006,91.1,71.3,1411027382272,719682846720,
1764966623.4792676,91.0,72.8,1411027415040,719738314752,
1764966624.4807985,84.3,71.9,1411034337280,719739150336,
1764966625.483402,82.7,73.6,1411042734080,719762096128,
1764966626.4852552,86.4,75.2,1411045208064,719762448384,
1764966627.488088,97.3,78.1,1411094040576,719762448384,
1764966628.4951196,96.8,80.2,1411099611136,719764897792,
1764966629.496217,91.5,79.0,1411101822976,719764897792,
1764966630.4973187,87.1,78.9,1411110629376,719764897792,
1764966631.4984233,72.9,73.9,1411112636416,719764897792,
1764966632.4996607,79.3,72.4,1411112914944,719764897792,
1764966633.5033016,94.5,67.2,1411112939520,719765610496,
1764966634.5044553,82.0,67.8,1411112939520,719765610496,
1764966635.505207,67.9,69.2,1411112939520,719765610496,
1764966636.5063014,71.1,71.2,1411113168896,719765610496,
1764966637.5106385,93.7,72.8,1411113373696,719765610496,
1764966638.511606,91.1,74.5,1411113586688,719766241280,
1764966639.5130134,73.0,74.7,1411114151936,719766241280,
1764966640.5143101,68.2,78.0,1411116494848,719766241280,
1764966641.5171196,84.5,82.7,1411120410624,719766241280,
1764966642.5184648,94.6,81.4,1411124203520,719766241280,
1764966643.519539,76.7,74.5,1411126079488,719807750144,
1764966644.520666,68.2,72.7,1411126079488,719807750144,
1764966645.5218403,71.3,67.4,1411126136832,719807750144,
1764966646.523514,95.8,69.5,1411127103488,719807750144,
1764966647.5279057,93.4,71.3,1411159379968,719809740800,
1764966648.529008,82.8,71.0,1411176083456,719820750848,
1764966649.530472,82.4,73.6,1411230560256,719832031232,
1764966650.5318003,90.2,76.3,1411265613824,719904702464,
1764966651.5330262,97.6,79.0,1411286593536,719905079296,
1764966652.5340886,91.5,82.6,1411296022528,719905193984,
1764966653.534956,76.2,84.3,1411302453248,719905865728,
1764966654.5363886,79.4,83.8,1411309367296,719911534592,
1764966655.5396674,85.7,76.5,1411314298880,719926165504,
1764966656.5407994,95.8,78.8,1411325063168,719926165504,
1764966657.5422864,90.0,80.7,1411329150976,719926165504,
1764966658.543538,68.4,73.7,1411329150976,719926165504,
1764966659.5445905,65.2,71.5,1411329380352,719926165504,
1764966660.547115,87.2,74.3,1411330150400,719927836672,
1764966661.548872,92.8,76.1,1411331166208,719927861248,
1764966662.5501068,78.2,75.7,1411331526656,719927861248,
1764966663.5512915,76.6,78.8,1411337318400,719927861248,
1764966664.5614378,90.5,82.6,1411349270528,719938494464,
1764966665.5625992,95.6,86.6,1411357806592,719939837952,
1764966666.565902,96.9,83.4,1411359412224,719939837952,
1764966667.5671134,92.2,81.5,1411362009088,719940403200,
1764966668.5680022,82.9,76.7,1411377524736,719947358208,
1764966669.5690947,92.6,79.9,1411382562816,719949889536,
1764966670.5744991,96.8,75.7,1411385585664,719950454784,
1764966671.578221,97.7,77.9,1411389804544,719950454784,
1764966672.5804336,88.8,76.3,1411390943232,719950454784,
1764966673.5816686,72.2,76.1,1411391614976,719952101376,
1764966674.5828738,68.0,77.8,1411391664128,719960260608,
1764966675.5844135,90.8,79.4,1411392303104,719960260608,
1764966676.5856543,93.7,81.4,1411394129920,719960260608,
1764966677.5869372,76.5,84.2,1411395850240,719960260608,
1764966678.5879798,68.1,81.3,1411397570560,719960809472,
1764966679.5917804,75.7,77.4,1411399626752,719968739328,
1764966680.5929441,92.4,78.5,1411402944512,719968739328,
1764966681.594267,81.4,76.8,1411402952704,719968739328,
1764966682.5950825,66.7,72.0,1411402969088,719968739328,
1764966683.5959256,70.2,74.2,1411403026432,719969796096,
1764966684.5981297,93.9,76.9,1411403059200,719977013248,
1764966685.5994608,92.2,78.0,1411403067392,719977914368,
1764966686.6008313,71.1,78.1,1411403182080,719977914368,
1764966687.6016371,68.1,80.6,1411403239424,719977914368,
1764966688.6032624,81.7,85.3,1411406557184,719978471424,
1764966689.6043417,91.5,88.4,1411408171008,720049160192,
1764966690.6055114,79.6,82.8,1411409817600,720076636160,
1764966691.6067817,67.6,75.3,1411412922368,720076636160,
1764966692.6096613,72.7,74.2,1411413135360,720076636160,
1764966693.614645,93.1,72.6,1411413217280,720077570048,
1764966694.615628,89.9,74.3,1411413233664,720081092608,
1764966695.6168683,69.8,74.8,1411413233664,720081092608,
1764966696.618112,69.6,76.1,1411413315584,720081092608,
1764966697.619256,84.4,78.7,1411413356544,720081092608,
1764966698.6206172,97.7,80.7,1411414667264,720081903616,
1764966699.6219568,95.9,82.6,1411417370624,720097804288,
1764966700.6232386,80.8,84.8,1411420303360,720098394112,
1764966701.6243336,75.8,83.5,1411421802496,720098828288,
1764966702.6269364,89.6,79.8,1411424817152,720098828288,
1764966703.6280267,97.7,77.6,1411431305216,720100343808,
1764966704.6292717,94.1,74.2,1411432337408,720101318656,
1764966705.6306539,78.6,73.2,1411432411136,720106487808,
1764966706.6316824,79.1,74.9,1411432828928,720106725376,
1764966707.6328595,93.4,76.8,1411433107456,720107143168,
1764966708.640227,98.3,78.0,1411433238528,720107790336,
1764966709.6414235,92.4,78.2,1411433279488,720107790336,
1764966710.642487,76.2,79.8,1411433312256,720120840192,
1764966711.6435025,76.8,83.5,1411434721280,720122978304,
1764966712.6461916,94.3,86.7,1411438817280,720122978304,
1764966713.6477149,93.0,85.7,1411439013888,720123830272,
1764966714.6490014,76.6,78.0,1411441782784,720141934592,
1764966715.649941,77.5,72.9,1411442200576,720157564928,
1764966716.6510484,90.7,71.7,1411442569216,720158162944,
1764966717.652297,97.3,73.4,1411442577408,720158162944,
1764966718.6546407,96.1,75.0,1411442610176,720159096832,
1764966719.6555722,82.2,74.9,1411442610176,720160038912,
1764966720.6565344,76.1,76.2,1411442642944,720169197568,
1764966721.6608243,87.3,78.6,1411442798592,720170172416,
1764966722.662317,97.8,80.1,1411442823168,720170172416,
1764966723.6645145,95.3,83.3,1411444396032,720170172416,
1764966724.6655896,77.2,85.5,1411447197696,720170778624,
1764966725.6668506,74.0,84.7,1411454144512,720181469184,
1764966726.67115,88.3,76.4,1411455954944,720182829056,
1764966727.6720939,84.2,70.6,1411456004096,720183910400,
1764966728.6734934,86.2,71.9,1411456020480,720183910400,
1764966729.674631,80.2,73.4,1411456069632,720184819712,
1764966730.6787167,81.0,74.7,1411456118784,720189079552,
1764966731.6847022,97.5,76.7,1411456143360,720190078976,
1764966732.6859443,98.7,77.8,1411456167936,720190980096,
1764966733.687281,93.3,79.4,1411456184320,720190980096,
1764966734.688612,90.7,82.6,1411457658880,720190980096,
1764966735.6897492,77.4,87.2,1411463032832,720207634432,
1764966736.69105,89.7,91.6,1411464474624,720319053824,
1764966737.6923532,95.5,84.8,1411477286912,720322699264,
1764966738.6937382,87.7,84.8,1411481645056,720323231744,
1764966739.694835,62.3,71.0,1411482570752,720323231744,
1764966740.6962593,65.6,73.2,1411482972160,720326639616,
1764966741.6977909,90.3,76.5,1411483103232,720326639616,
1764966742.6992333,93.3,78.3,1411483365376,720326639616,
1764966743.7004027,76.9,78.1,1411483578368,720327557120,
1764966744.7017982,68.7,82.0,1411485700096,720327557120,
1764966745.7032297,76.4,83.9,1411487232000,720344006656,
1764966746.7047246,96.0,83.1,1411488567296,720344006656,
1764966747.705911,80.7,78.9,1411488608256,720344006656,
1764966748.707025,62.6,80.8,1411491074048,720344842240,
1764966749.7080688,69.1,82.5,1411492311040,720344842240,
1764966750.7103536,91.5,77.4,1411494432768,720344842240,
1764966751.7129314,92.4,74.9,1411494449152,720345284608,
1764966752.7156806,91.2,73.4,1411502870528,720346324992,
1764966753.716843,86.3,75.4,1411503394816,720346660864,
1764966754.7197454,79.5,76.5,1411503427584,720347373568,
1764966755.7216141,94.3,78.6,1411504156672,720347373568,
1764966756.7228467,98.0,79.9,1411510276096,720361259008,
1764966757.724053,93.6,83.5,1411594309632,720362815488,
1764966758.7252414,79.6,83.8,1411604606976,720363536384,
1764966759.7262897,72.6,82.1,1411605827584,720363839488,
1764966760.7282093,91.4,83.8,1411608227840,720364609536,
1764966761.7293017,96.7,77.7,1411608260608,720370171904,
1764966762.73073,81.9,73.7,1411608457216,720370171904,
1764966763.732429,82.9,75.5,1411612741632,720372195328,
1764966764.7368603,93.8,76.5,1411751841792,720417366016,
1764966765.7386491,89.7,78.6,1411752038400,720417644544,
1764966766.740126,93.6,79.5,1411752341504,720421511168,
1764966767.7413018,78.4,80.3,1411752669184,720421511168,
1764966768.7424295,70.1,84.1,1411758501888,720421593088,
1764966769.7444897,85.5,86.5,1411764621312,720421658624,
1764966770.7454412,84.5,83.6,1411768725504,720422305792,
1764966771.7466428,81.8,80.7,1411774345216,720435863552,
1764966772.747843,65.5,75.2,1411774345216,720435863552,
1764966773.7499561,69.3,78.0,1411774345216,720435863552,
1764966774.7564378,92.0,79.6,1411774418944,720435863552,
1764966775.757962,92.8,80.4,1411774418944,720435863552,
1764966776.7591002,74.5,80.7,1411774418944,720441204736,
1764966777.7606208,67.8,84.0,1411776794624,720441204736,
1764966778.7622468,74.6,79.8,1411777957888,720441204736,
1764966779.7632508,75.7,80.0,1411780300800,720441204736,
1764966780.7643726,76.4,78.3,1411780317184,720441204736,
1764966781.7654843,64.9,75.4,1411780325376,720453419008,
1764966782.7678707,76.2,78.8,1411780333568,720454500352,
1764966783.7696855,95.0,79.9,1411780349952,720454500352,
1764966784.771004,85.9,79.8,1411780349952,720454500352,
1764966785.7720575,65.8,81.4,1411780382720,720454500352,
1764966786.7730103,68.8,85.5,1411783864320,720457662464,
1764966787.7739959,84.2,88.8,1411783913472,720468705280,
1764966788.7800946,80.2,81.9,1411851358208,720470622208,
1764966789.7812734,64.3,75.4,1411851358208,720470622208,
1764966790.7822936,65.2,77.0,1411851374592,720470622208,
1764966791.7863955,84.5,80.0,1411851390976,720480206848,
1764966792.787848,94.9,81.3,1411852660736,720481132544,
1764966793.7891195,76.1,81.7,1411852709888,720481132544,
1764966794.7904649,70.9,84.4,1411853725696,720481132544,
1764966795.791666,76.0,88.0,1411857141760,720481132544,
1764966796.794465,77.9,78.5,1411858296832,720481402880,
1764966797.7953725,68.3,74.2,1411859468288,720482713600,
1764966798.796273,61.1,73.0,1411859525632,720482713600,
1764966799.8011668,80.2,75.4,1411859664896,720482754560,
1764966800.8081083,95.3,77.3,1411859664896,720482770944,
1764966801.810843,88.1,78.7,1411859681280,720482770944,
1764966802.8143427,70.1,79.1,1411860852736,720496517120,
1764966803.820617,68.9,81.1,1411860869120,720496517120,
1764966804.821871,90.9,80.6,1411860942848,720496517120,
1764966805.822952,92.0,83.4,1411863212032,720496517120,
1764966806.8239543,79.7,79.1,1411866316800,720512688128,
1764966807.8251367,67.5,73.7,1411866333184,720513040384,
1764966808.8266404,74.6,76.0,1411866357760,720513040384,
1764966809.8280349,97.6,78.0,1411866390528,720513040384,
1764966810.83143,93.9,79.4,1411866701824,720513040384,
1764966811.8326592,79.9,78.7,1411868635136,720537518080,
1764966812.833822,69.5,80.7,1411868897280,720550699008,
1764966813.8359244,79.5,81.7,1411871084544,720551288832,
1764966814.8373535,93.2,83.8,1411871084544,720551288832,
1764966815.8409297,64.7,78.4,1411873296384,720551288832,
1764966816.8420212,62.9,80.1,1411887837184,720551878656,
1764966817.8431418,74.7,74.8,1411941052416,720558112768,
1764966818.8480036,92.4,77.1,1411941052416,720559316992,
1764966819.8490002,83.0,79.3,1411942289408,720559652864,
1764966820.8501089,67.5,80.6,1411942420480,720559652864,
1764966821.8525112,63.9,78.8,1411942428672,720559652864,
1764966822.853986,91.7,82.0,1411944542208,720564789248,
1764966823.8550227,89.0,80.7,1411944542208,720565420032,
1764966824.856374,61.2,80.1,1411946655744,720565420032,
1764966825.8575919,64.5,80.4,1411950850048,720566165504,
1764966826.8587139,84.7,76.5,1411950874624,720566165504,
1764966827.8603606,92.1,79.8,1411950874624,720575553536,
1764966828.8616555,78.1,80.4,1411951915008,720576454656,
1764966829.8630495,65.7,77.2,1411951915008,720576454656,
1764966830.8646646,74.5,80.4,1411952955392,720576454656,
1764966831.8677745,95.7,83.2,1411964768256,720576454656,
1764966832.8687513,80.9,80.6,1411969224704,720580861952,
1764966833.8698778,67.7,80.9,1411971698688,720581558272,
1764966834.870853,65.5,75.3,1411971698688,720581558272,
1764966835.8747501,88.6,78.1,1411973197824,720582606848,
1764966836.8758788,89.1,80.5,1411973378048,720583581696,
1764966837.8772075,69.3,75.8,1411973386240,720594804736,
1764966838.878131,67.2,78.0,1411973386240,720595697664,
1764966839.8791072,86.6,81.9,1411974393856,720595697664,
1764966840.8805392,91.1,84.5,1411975409664,720595697664,
1764966841.8819942,65.1,79.6,1411977424896,720595697664,
1764966842.8827388,64.3,76.7,1411977433088,720595697664,
1764966843.885553,79.4,76.4,1411977433088,720598605824,
1764966844.8878794,94.8,80.1,1411978457088,720598605824,
1764966845.8891065,78.8,76.7,1411978457088,720598605824,
1764966846.8902223,67.4,77.7,1411978752000,720598605824,
1764966847.89194,71.1,79.7,1411978752000,720598605824,
1764966848.8944206,94.2,83.1,1411981955072,720609361920,
1764966849.8956966,88.7,83.7,1411982938112,720609361920,
1764966850.8970068,64.5,80.6,1411984863232,720619118592,
1764966851.898062,58.2,75.3,1411985584128,720619167744,
1764966852.9012082,87.6,79.2,1411986542592,720619167744,
1764966853.9025252,89.3,77.1,1411986542592,720626393088,
1764966854.9037557,72.4,77.5,1411986731008,720626393088,
1764966855.904829,67.6,79.4,1411986731008,720626393088,
1764966856.908057,79.4,81.1,1411986747392,720626393088,
1764966857.9091635,93.7,84.0,1411986763776,720626393088,
1764966858.9102864,79.5,84.0,1411988680704,720631881728,
1764966859.9112127,64.2,80.8,1411990589440,720638656512,
1764966860.912325,64.0,77.0,1411991752704,720638656512,
1764966861.9133637,92.3,75.5,1411991760896,720638656512,
1764966862.9145832,82.7,75.3,1411991769088,720638656512,
1764966863.9156456,68.9,77.3,1411992375296,720645767168,
1764966864.9168513,73.3,78.5,1411992457216,720645767168,
1764966865.9213665,92.1,81.5,1411993407488,720645767168,
1764966866.9225786,90.7,83.9,1411993423872,720645767168,
1764966867.923778,69.5,83.9,1411997618176,720646742016,
1764966868.924753,65.3,80.5,1411997618176,720654139392,
1764966869.9277,76.9,77.5,1411998568448,720654139392,
1764966870.9290946,88.2,76.6,1411998568448,720654139392,
1764966871.9301825,77.2,76.9,1412003319808,720654163968,
1764966872.9314125,68.0,78.3,1412003319808,720654163968,
1764966873.935028,79.4,80.4,1412004515840,720663093248,
1764966874.936142,91.8,78.4,1412004515840,720663093248,
1764966875.9375196,82.6,79.2,1412004745216,720663101440,
1764966876.938882,66.9,84.0,1412007579648,720663101440,
1764966877.9398563,69.2,82.6,1412008497152,720663101440,
1764966878.9415507,76.8,74.1,1412008505344,720667787264,
1764966879.943029,78.2,75.5,1412008742912,720667787264,
1764966880.9443173,67.6,78.7,1412009824256,720667787264,
1764966881.9453535,67.7,78.6,1412009824256,720667787264,
1764966882.9479852,90.8,77.5,1412010168320,720667787264,
1764966883.9491444,91.7,79.4,1412010168320,720678297600,
1764966884.950305,71.3,80.0,1412010168320,720678297600,
1764966885.9512846,67.6,84.5,1412012896256,720678297600,
1764966886.9524877,75.8,78.1,1412014190592,720678297600,
1764966887.9536865,84.7,76.6,1412014280704,720678297600,
1764966888.9548457,73.2,78.5,1412015230976,720679239680,
1764966889.956006,67.1,79.8,1412015239168,720683548672,
1764966890.9576921,73.1,78.2,1412015239168,720683548672,
1764966891.9614716,96.3,80.1,1412015247360,720683548672,
1764966892.9626305,88.7,82.0,1412015271936,720683548672,
1764966893.9637227,68.6,82.8,1412017049600,720684244992,
1764966894.9649699,63.9,78.9,1412017934336,720690159616,
1764966895.9679153,84.2,79.1,1412019089408,720690159616,
1764966896.9690025,88.2,77.5,1412020211712,720690159616,
1764966897.9703026,70.6,78.3,1412021882880,720690159616,
1764966898.9714274,67.9,76.9,1412021940224,720691249152,
1764966899.9727352,82.4,79.6,1412021940224,720698630144,
1764966900.9740472,92.3,81.6,1412022194176,720698630144,
1764966901.9750922,76.6,81.6,1412071591936,720698630144,
1764966902.9761136,67.5,84.6,1412073689088,720698630144,
1764966903.9774263,60.8,81.0,1412075073536,720699424768,
1764966904.9782958,81.4,81.4,1412075950080,720703414272,
1764966905.9793766,67.6,78.5,1412075958272,720703414272,
1764966906.980619,66.8,80.1,1412075958272,720703414272,
1764966907.9819534,73.6,81.4,1412076064768,720703414272,
1764966908.984444,95.5,84.4,1412076957696,720704307200,
1764966909.9856234,72.0,81.9,1412077809664,720711827456,
1764966910.986564,44.5,78.9,1412079505408,720711827456,
1764966911.9874492,55.8,77.1,1412079513600,720711827456,
1764966912.9888067,89.7,80.0,1412079513600,720711827456,
1764966913.990376,88.9,81.6,1412079513600,720712720384,
1764966914.9915128,66.6,81.3,1412079513600,720716619776,
1764966915.9927628,64.6,85.6,1412080357376,720716619776,
1764966916.994115,68.0,79.8,1412081479680,720716619776,
1764966917.9949791,81.7,83.0,1412083183616,720716619776,
1764966918.9978,51.4,76.7,1412083920896,720717340672,
1764966919.99901,63.5,79.6,1412083920896,720726843392,
1764966921.0012476,87.5,81.0,1412083929088,720726843392,
1764966922.0022879,88.4,84.2,1412084764672,720726843392,
1764966923.0036232,65.7,81.3,1412085829632,720726843392,
1764966924.0044374,57.5,81.9,1412088279040,720727859200,
1764966925.005645,77.5,81.2,1412088541184,720733020160,
1764966926.0080028,85.3,79.2,1412088541184,720733020160,
1764966927.0091155,75.3,79.1,1412088614912,720733020160,
1764966928.0100918,66.8,81.2,1412089442304,720733020160,
1764966929.0110538,78.7,82.9,1412089442304,720733872128,
1764966930.0153837,86.0,83.0,1412090261504,720740360192,
1764966931.0165596,63.2,81.5,1412091891712,720740360192,
1764966932.0177336,54.7,76.8,1412091891712,720740360192,
1764966933.0195858,72.9,79.3,1412091916288,720740360192,
1764966934.0208871,92.9,80.5,1412091916288,720741261312,
1764966935.0220132,77.1,81.5,1412092727296,720741261312,
1764966936.0230134,62.0,80.6,1412093546496,720748486656,
1764966937.023883,66.8,83.2,1412093652992,720748486656,
1764966938.0251231,91.0,83.2,1412095889408,720748486656,
1764966939.0263608,62.7,76.6,1412096798720,720749445120,
1764966940.0277374,61.8,78.8,1412097069056,720749445120,
1764966941.028957,74.8,81.8,1412097880064,720753106944,
1764966942.0304046,85.5,81.8,1412097880064,720753106944,
1764966943.0315766,81.7,81.3,1412098691072,720753106944,
1764966944.0325427,62.9,80.0,1412098691072,720753967104,
1764966945.0337684,64.0,83.7,1412100272128,720753967104,
1764966946.034857,77.6,78.4,1412100272128,720757710848,
1764966947.0359228,72.7,80.5,1412101066752,720758292480,
1764966948.0371876,66.9,82.0,1412101066752,720758292480,
1764966949.0381758,61.6,81.2,1412114919424,720760446976,
1764966950.0401943,86.8,79.6,1412114935808,720760446976,
1764966951.0415711,80.8,81.7,1412114935808,720769384448,
1764966952.0425835,65.4,84.0,1412116762624,720769384448,
1764966953.0435681,49.6,78.7,1412116762624,720769384448,
1764966954.0479932,76.4,81.6,1412117557248,720769384448,
1764966955.0490327,86.9,82.2,1412118335488,720770408448,
1764966956.050262,63.8,79.2,1412118360064,720775626752,
1764966957.0513432,64.7,80.4,1412118360064,720775626752,
1764966958.0529642,82.1,84.6,1412118360064,720775626752,
1764966959.0538044,84.9,87.0,1412119891968,720776880128,
1764966960.0548365,61.9,81.2,1412120678400,720870899712,
1764966961.055873,43.5,80.4,1412121432064,720876240896,
1764966962.0581603,63.5,79.8,1412121432064,720876240896,
1764966963.0593784,92.6,81.7,1412121440256,720876240896,
1764966964.0606046,76.9,81.6,1412121440256,720876240896,
1764966965.0618207,66.6,83.6,1412122193920,720877191168,
1764966966.0626109,64.5,83.7,1412122939392,720880680960,
1764966967.0638983,88.7,83.8,1412137963520,720882573312,
1764966968.0648012,91.0,82.3,1412195364864,720888684544,
1764966969.0660977,94.7,84.4,1412342321152,720889815040,
1764966970.0677545,82.9,79.3,1412376776704,720890109952,
1764966971.0699425,86.5,81.2,1412406423552,720897966080,
1764966972.0712316,91.4,83.7,1412413476864,720898949120,
1764966973.07229,90.3,86.1,1412414189568,720899473408,
1764966974.0733597,68.6,87.1,1412415877120,720899473408,
1764966975.0744267,52.7,84.2,1412416622592,720899497984,
1764966976.0756018,71.6,83.8,1412417523712,720905969664,
1764966977.0767953,89.2,82.4,1412418555904,720906944512,
1764966978.0778468,78.8,81.6,1412421758976,720907952128,
1764966979.0791976,68.2,83.5,1412421758976,720907952128,
1764966980.0808299,76.0,86.1,1412424216576,720907952128,
1764966981.081988,85.1,86.9,1412440477696,720907960320,
1764966982.0830333,81.1,88.3,1412468469760,720916111360,
1764966983.0844831,64.8,81.6,1412481896448,720918364160,
1764966984.0856028,65.3,83.7,1412482109440,720918364160,
1764966985.0874925,87.5,86.1,1412482641920,720918364160,
1764966986.0883448,89.3,87.9,1412488777728,720918364160,
1764966987.0893888,75.0,89.3,1412491235328,720926670848,
1764966988.0905068,63.2,85.2,1412494110720,720927645696,
1764966989.0911753,58.8,82.0,1412500393984,720927645696,
1764966990.0918946,68.5,80.9,1412504662016,720927645696,
1764966991.0930448,71.0,81.4,1412506103808,720927645696,
1764966992.0940874,70.5,82.2,1412509216768,720934199296,
1764966993.0979638,88.5,84.5,1412512526336,720935297024,
1764966994.099193,93.2,86.8,1412513280000,720935297024,
1764966995.1002872,62.7,86.9,1412515598336,720935297024,
1764966996.1012428,35.6,78.3,1412515655680,720935297024,
1764966997.1023412,62.6,80.8,1412515672064,720937107456,
1764966998.1048963,93.7,83.0,1412515672064,720937107456,
1764966999.1059067,84.6,83.7,1412515737600,720938115072,
1764967000.1070971,63.5,86.5,1412516450304,720938115072,
1764967001.1082282,56.6,87.8,1412517425152,720938115072,
1764967002.109234,75.5,85.8,1412518858752,720942817280,
1764967003.1105847,77.0,80.4,1412518858752,720942817280,
1764967004.11172,68.6,82.3,1412518858752,720943816704,
1764967005.1126225,68.5,83.1,1412520792064,720943816704,
1764967006.113983,90.7,84.8,1412520792064,720943816704,
1764967007.1150546,85.9,88.6,1412520792064,720949755904,
1764967008.1160626,63.5,85.6,1412567199744,720952508416,
1764967009.117385,52.6,78.3,1412567273472,720955564032,
1764967010.1186903,78.7,81.0,1412567339008,720955564032,
1764967011.120241,89.4,83.2,1412567347200,720955588608,
1764967012.121573,74.5,82.6,1412567347200,720960602112,
1764967013.1226711,66.2,84.7,1412567347200,720960602112,
1764967014.1246307,77.4,88.6,1412568756224,720961511424,
1764967015.1257334,73.0,81.9,1412570034176,720961511424,
1764967016.1268694,63.6,84.2,1412571672576,720961519616,
1764967017.128032,55.5,78.4,1412571697152,720963313664,
1764967018.131269,75.1,81.3,1412571705344,720963313664,
1764967019.13379,95.1,82.5,1412571705344,720964255744,
1764967020.135129,88.1,86.0,1412582215680,720970932224,
1764967021.1363,79.2,87.1,1412593799168,720971997184,
1764967022.1377852,54.2,84.3,1412599549952,720981139456,
1764967023.1388848,80.8,87.0,1412613009408,720982220800,
1764967024.1411781,86.4,82.2,1412614008832,720987774976,
1764967025.14238,79.7,83.1,1412614082560,720989093888,
1764967026.1437132,74.9,83.7,1412614090752,720989798400,
1764967027.1449575,83.7,86.1,1412614131712,720989798400,
1764967028.1477065,95.8,87.2,1412621570048,720994287616,
1764967029.1485054,93.5,89.8,1412671983616,721015750656,
1764967030.1496494,74.0,81.2,1412675194880,721104273408,
1764967031.150777,44.3,76.3,1412679069696,721105100800,
1764967032.1545875,93.4,79.3,1412685123584,721105100800,
1764967033.1557388,96.6,80.3,1412685467648,721110704128,
1764967034.156914,88.6,80.4,1412685606912,721111031808,
1764967035.1580174,75.1,81.4,1412686008320,721111064576,
1764967036.1588526,69.5,82.3,1412686884864,721111990272,
1764967037.1599374,78.6,89.0,1412688891904,721180000256,
1764967038.160658,74.6,79.2,1412689661952,721259823104,
1764967039.1613073,21.8,73.5,1412689711104,721279385600,
1764967040.162484,63.4,76.8,1412689711104,721279401984,
1764967041.1640089,86.3,78.5,1412689719296,721279401984,
1764967042.1664724,92.7,80.3,1412689915904,721280737280,
1764967043.1682854,92.6,79.5,1412691406848,721286406144,
1764967044.169549,82.9,81.4,1412692021248,721292353536,
1764967045.170716,72.8,85.7,1412768501760,721292361728,
1764967046.1714451,84.7,89.2,1412778020864,721310834688,
1764967047.1722739,35.8,77.9,1412778127360,721312260096,
1764967048.173471,70.1,80.0,1412778151936,721318985728,
1764967049.1763518,77.1,81.8,1412778323968,721318985728,
1764967050.181357,94.7,83.1,1412778364928,721318985728,
1764967051.1823304,87.9,85.5,1412778438656,721318985728,
1764967052.1841147,66.8,88.1,1412780339200,721319772160,
1764967053.1848447,26.7,77.7,1412782059520,721327669248,
1764967054.186562,80.9,81.1,1412782149632,721328611328,
1764967055.187534,89.9,82.0,1412782198784,721329586176,
1764967056.1886287,75.4,81.6,1412782231552,721329586176,
1764967057.1895814,66.4,83.8,1412782239744,721329586176,
1764967058.1903903,62.6,85.5,1412785188864,721330552832,
1764967059.191402,25.7,74.5,1412787007488,721331453952,
1764967060.1924648,56.4,77.2,1412787032064,721332396032,
1764967061.1937335,65.3,78.9,1412787056640,721332396032,
1764967062.194921,94.0,80.4,1412787130368,721332396032,
1764967063.196033,74.7,81.7,1412787171328,721337950208,
1764967064.19737,47.0,84.5,1412789039104,721337950208,
1764967065.1983216,11.2,74.7,1412789039104,721338458112,
1764967066.1996017,80.5,78.2,1412789039104,721339432960,
1764967067.2006764,76.7,77.5,1412789039104,721339432960,
1764967068.2017615,64.5,79.0,1412789047296,721344749568,
1764967069.2028658,55.8,83.4,1412789088256,721344749568,
1764967070.2034986,55.5,75.1,1412790939648,721345626112,
1764967071.204358,9.3,74.3,1412790956032,721345626112,
1764967072.2053504,49.0,76.4,1412790972416,721346600960,
1764967073.207888,76.0,79.3,1412790996992,721346600960,
1764967074.2100046,96.5,80.3,1412803579904,721348050944,
1764967075.2112947,77.6,81.6,1412807544832,721349083136,
1764967076.2121375,73.5,83.4,1412816105472,721349083136,
1764967077.2140334,35.3,78.5,1412820660224,721349083136,
1764967078.2154593,80.3,77.8,1412821667840,721349853184,
1764967079.2169037,84.3,79.4,1412822036480,721354104832,
1764967080.2182832,66.0,79.1,1412822618112,721355448320,
1764967081.2197428,65.4,80.6,1412822904832,721355472896,
1764967082.2214556,82.0,85.6,1412826779648,721355472896,
1764967083.2223225,65.9,81.1,1412832751616,721355472896,
1764967084.223635,54.9,78.5,1412833800192,721361575936,
1764967085.2246652,72.5,80.3,1412840026112,721361985536,
1764967086.2259395,91.1,82.1,1412840886272,721362313216,
1764967087.2275991,85.7,83.8,1412840910848,721362935808,
1764967088.2285657,80.9,85.4,1412842475520,721362935808,
1764967089.229286,51.7,80.2,1412845383680,721370243072,
1764967090.2313335,57.0,79.3,1412845391872,721370243072,
1764967091.2325776,85.5,81.5,1412846661632,721371234304,
1764967092.2338707,76.3,81.1,1412846669824,721371234304,
1764967093.2346156,61.1,83.5,1412846669824,721372135424,
1764967094.235517,56.1,87.1,1412848128000,721375854592,
1764967095.2363613,47.5,78.1,1412848742400,721375854592,
1764967096.2370274,58.1,79.6,1412848857088,721376616448,
1764967097.238273,65.0,81.0,1412849143808,721376616448,
1764967098.24509,86.7,82.6,1412849184768,721376616448,
1764967099.246214,87.9,84.2,1412849209344,721377558528,
1764967100.2474082,66.5,87.4,1412851265536,721377558528,
1764967101.2484121,11.4,76.1,1412851298304,721378131968,
1764967102.2497973,63.2,80.6,1412851306496,721378131968,
1764967103.251013,86.3,81.7,1412851306496,721378131968,
1764967104.252281,74.4,81.3,1412851339264,721382359040,
1764967105.2534406,58.7,83.0,1412851347456,721382359040,
1764967106.2544847,45.5,88.7,1412853125120,721384218624,
1764967107.2558882,24.5,76.7,1412854255616,721384595456,
1764967108.2570724,55.9,80.1,1412854272000,721384595456,
1764967109.258459,67.0,81.2,1412854337536,721390927872,
1764967110.2700958,91.0,82.8,1412855083008,721390927872,
1764967111.2710114,82.8,83.5,1412855099392,721390927872,
1764967112.2718887,45.6,88.4,1412857475072,721391681536,
1764967113.2728944,7.2,76.8,1412857475072,721392271360,
1764967114.2752998,73.2,81.0,1412858138624,721392820224,
1764967115.276309,80.8,80.4,1412858138624,721398046720,
1764967116.2775977,62.4,81.8,1412858408960,721398472704,
1764967117.2785103,53.5,83.7,1412858408960,721398505472,
1764967118.279403,68.3,89.3,1412860145664,721398505472,
1764967119.2804854,14.3,76.5,1412860145664,721398505472,
1764967120.2816095,41.2,78.7,1412860145664,721403584512,
1764967121.2837589,68.0,81.5,1412860153856,721404321792,
1764967122.2846363,90.7,82.7,1412860153856,721404321792,
1764967123.286148,63.0,84.7,1412861300736,721404329984,
1764967124.2873302,46.4,80.1,1412861325312,721404329984,
1764967125.288242,58.4,79.5,1412861906944,721407959040,
1764967126.290056,81.3,81.4,1412861906944,721408679936,
1764967127.2912366,71.7,81.2,1412861906944,721408679936,
1764967128.2924423,58.4,82.9,1412861906944,721408679936,
1764967129.2934668,59.5,84.1,1412863053824,721408679936,
1764967130.2946641,74.0,80.0,1412863627264,721409318912,
1764967131.2957478,63.0,80.5,1412863635456,721409949696,
1764967132.2971005,64.2,81.8,1412863635456,721409949696,
1764967133.2982233,69.1,85.4,1412915163136,721409949696,
1764967134.299235,64.9,81.0,1412926410752,721409949696,
1764967135.3004515,47.9,78.9,1412927000576,721414070272,
1764967136.3017533,58.2,80.9,1412927041536,721414782976,
1764967137.3044596,88.2,83.1,1412927049728,721414782976,
1764967138.3054578,75.8,84.9,1412927049728,721414782976,
1764967139.306329,60.1,86.7,1412928163840,721414807552,
1764967140.3080518,18.3,77.0,1412928876544,721419517952,
1764967141.3111782,65.5,80.8,1412928974848,721420296192,
1764967142.3121467,83.3,82.4,1412946931712,721420296192,
1764967143.3135316,62.1,82.0,1412992331776,721420296192,
1764967144.314517,58.4,83.9,1412992331776,721420296192,
1764967145.3152614,76.3,89.1,1412994101248,721425801216,
1764967146.3163612,18.5,73.9,1412994101248,721426153472,
1764967147.317463,43.5,77.5,1412994224128,721426153472,
1764967148.3210926,70.0,78.7,1412994224128,721426153472,
1764967149.3222246,88.8,80.5,1412994445312,721426153472,
1764967150.3230317,78.0,81.1,1412994527232,721430323200,
1764967151.324134,50.7,85.2,1412996403200,721430347776,
1764967152.3248878,23.6,76.3,1412996411392,721430347776,
1764967153.3262784,77.6,79.2,1412999417856,721431150592,
1764967154.3275893,75.9,79.4,1413002252288,721431183360,
1764967155.3287756,58.3,81.4,1413002784768,721438351360,
1764967156.329832,53.0,80.1,1413002833920,721438359552,
1764967157.3306928,75.9,84.8,1413003882496,721438359552,
1764967158.3316314,58.2,78.3,1413003907072,721438359552,
1764967159.3326788,68.5,79.5,1413008166912,721438679040,
1764967160.3346899,72.4,81.5,1413008166912,721439416320,
1764967161.3377163,89.9,84.8,1413008683008,721442971648,
1764967162.3391366,52.1,81.8,1413009739776,721442971648,
1764967163.3400865,28.4,76.8,1413009739776,721442971648,
1764967164.3413775,63.9,79.1,1413009788928,721442971648,
1764967165.3427796,92.0,80.7,1413009788928,721443717120,
1764967166.3437986,70.9,81.2,1413009788928,721447370752,
1764967167.3446739,59.8,84.1,1413010837504,721447370752,
1764967168.345557,34.2,76.3,1413011337216,721447370752,
1764967169.3467498,70.0,79.1,1413011337216,721447370752,
1764967170.347773,74.9,79.1,1413011337216,721448108032,
1764967171.348856,57.2,81.7,1413011845120,721452482560,
1764967172.3499315,61.3,79.8,1413011861504,721452482560,
1764967173.350933,82.6,84.5,1413012844544,721452482560,
1764967174.3516207,39.6,76.5,1413013213184,721452482560,
1764967175.3527043,42.1,80.4,1413013696512,721452482560,
1764967176.3540907,65.1,78.6,1413013696512,721456914432,
1764967177.357841,85.6,80.2,1413013696512,721456914432,
1764967178.3588839,74.8,80.9,1413013704704,721456914432,
1764967179.3598847,53.5,84.5,1413014671360,721456914432,
1764967180.361287,48.0,80.7,1413015162880,721456914432,
1764967181.3623888,85.3,78.7,1413015162880,721457864704,
1764967182.3636894,66.0,79.1,1413015171072,721457864704,
1764967183.364668,60.7,80.7,1413015531520,721457864704,
1764967184.3657262,66.4,85.1,1413016498176,721457864704,
1764967185.366701,66.2,79.9,1413016498176,721457864704,
1764967186.3676448,53.0,77.6,1413016973312,721462902784,
1764967187.368384,56.4,79.6,1413016973312,721462902784,
1764967188.369888,79.9,82.7,1413017456640,721462902784,
1764967189.3712478,77.7,80.7,1413019635712,721462902784,
1764967190.371846,50.3,78.5,1413020110848,721462902784,
1764967191.3731298,47.5,77.5,1413020569600,721467957248,
1764967192.3753011,81.7,78.2,1413025214464,721470144512,
1764967193.376863,84.0,80.3,1413026213888,721470144512,
1764967194.3778389,81.7,81.5,1413026664448,721470144512,
1764967195.3786166,55.2,81.1,1413027852288,721470144512,
1764967196.3795698,50.5,79.4,1413042958336,721475289088,
1764967197.3805463,73.0,79.0,1413043720192,721477828608,
1764967198.3817482,77.0,79.7,1413043736576,721477828608,
1764967199.382813,60.0,77.7,1413044187136,721477828608,
1764967200.3839047,53.3,80.6,1413044187136,721477828608,
1764967201.3848867,80.5,83.8,1413045071872,721480941568,
1764967202.3860106,53.4,77.9,1413045383168,721480941568,
1764967203.3872313,62.9,80.8,1413046095872,721481826304,
1764967204.388264,66.0,78.6,1413046104064,721481826304,
1764967205.389258,76.9,81.2,1413046874112,721481826304,
1764967206.3901827,61.3,83.6,1413049208832,721481826304,
1764967207.3910346,38.5,78.1,1413049225216,721486069760,
1764967208.3920894,69.7,81.4,1413049667584,721487192064,
1764967209.394556,83.7,79.1,1413049946112,721487192064,
1764967210.39544,67.6,79.9,1413049987072,721487192064,
1764967211.3960772,55.9,83.7,1413050871808,721487192064,
1764967212.3975017,46.3,78.7,1413050871808,721490239488,
1764967213.401083,92.0,81.5,1413051166720,721491025920,
1764967214.4018993,87.0,84.2,1413051904000,721492738048,
1764967215.403071,68.4,80.5,1413054402560,721493270528,
1764967216.4043827,69.7,83.0,1413055696896,721496989696,
1764967217.4072387,75.3,79.0,1413056868352,721500725248,
1764967218.408185,65.6,79.3,1413056933888,721501167616,
1764967219.4090793,74.9,82.0,1413057441792,721502912512,
1764967220.4100728,62.0,79.7,1413057507328,721502912512,
1764967221.4130394,91.8,82.5,1413057695744,721502945280,
1764967222.414069,82.0,86.1,1413058629632,721509023744,
1764967223.414693,50.9,79.0,1413058637824,721509031936,
1764967224.415831,43.3,80.2,1413059883008,721511743488,
1764967225.4220755,79.2,80.0,1413060128768,721511751680,
1764967226.4230928,87.9,81.7,1413060169728,721512677376,
1764967227.4244266,90.2,81.4,1413067042816,721524088832,
1764967228.425677,76.7,83.5,1413094969344,721524514816,
1764967229.4280097,70.9,82.4,1413100433408,721524899840,
1764967230.429378,74.3,81.8,1413101121536,721526603776,
1764967231.4303324,73.3,78.7,1413102514176,721527128064,
1764967232.4342427,70.6,80.2,1413102907392,721531437056,
1764967233.4353898,81.5,82.1,1413103267840,721532190720,
1764967234.437488,82.6,84.8,1413103333376,721532583936,
1764967235.4388225,53.5,79.7,1413104660480,721532592128,
1764967236.4400842,35.9,77.5,1413105987584,721535549440,
1764967237.4445624,75.6,79.8,1413106282496,721540145152,
1764967238.4512188,90.3,81.0,1413107036160,721540145152,
1764967239.4523342,87.9,82.1,1413107249152,721540145152,
1764967240.4530735,59.6,83.3,1413107265536,721540145152,
1764967241.453668,40.2,78.0,1413108822016,721540907008,
1764967242.4554505,45.9,78.8,1413108830208,721543684096,
1764967243.458102,82.3,78.9,1413113032704,721543684096,
1764967244.4610283,74.8,80.0,1413113204736,721543684096,
1764967245.4622543,74.0,80.6,1413116211200,721543831552,
1764967246.4631565,80.3,82.9,1413119741952,721545543680,
1764967247.4642177,74.5,89.1,1413153959936,721564557312,
1764967248.465126,29.8,76.2,1413170794496,721569120256,
1764967249.469221,79.7,78.4,1413180010496,721570332672,
1764967250.4711623,86.9,80.0,1413182640128,721573167104,
1764967251.4725285,91.3,81.0,1413185179648,721574117376,
1764967252.4735544,85.2,81.5,1413198196736,721576869888,
1764967253.4745977,62.1,86.3,1413205168128,721585930240,
1764967254.47595,39.7,77.3,1413210992640,721585930240,
1764967255.481248,89.8,79.9,1413211025408,721585930240,
1764967256.482463,86.8,80.9,1413211107328,721585930240,
1764967257.4834588,68.6,80.8,1413211197440,721585930240,
1764967258.4844275,51.6,85.4,1413217972224,721594875904,
1764967259.485264,52.3,77.3,1413219127296,721596841984,
1764967260.4858305,28.0,77.7,1413221748736,721596841984,
1764967261.4873319,65.0,80.0,1413222248448,721598627840,
1764967262.4889333,69.7,81.6,1413222477824,721598627840,
1764967263.4907196,96.6,82.7,1413223002112,721603485696,
1764967264.4917748,83.4,83.5,1413223149568,721603485696,
1764967265.492992,48.3,85.6,1413224353792,721603485696,
1764967266.4940207,17.4,76.3,1413224501248,721604395008,
1764967267.509293,84.0,78.8,1413224767488,721605017600,
1764967268.510678,96.9,81.6,1413229694976,721642536960,
1764967269.5120804,93.6,81.3,1413230104576,721649516544,
1764967270.5129626,84.4,80.9,1413230235648,721649516544,
1764967271.514302,65.5,83.9,1413230743552,721650139136,
1764967272.515252,59.9,76.3,1413232570368,721651769344,
1764967273.5162878,33.6,76.5,1413232668672,721654603776,
1764967274.5174494,69.8,78.3,1413232955392,721654603776,
1764967275.518947,65.8,79.7,1413232955392,721654603776,
1764967276.520372,93.5,81.4,1413233045504,721655504896,
1764967277.5218146,69.8,83.9,1413234339840,721656479744,
1764967278.522547,34.1,75.2,1413234692096,721659478016,
1764967279.5231462,16.3,76.6,1413234692096,721659478016,
1764967280.5243776,86.0,79.4,1413234692096,721659478016,
1764967281.52568,89.0,80.3,1413235052544,721659478016,
1764967282.5271368,69.5,80.1,1413235167232,721660297216,
1764967283.528091,68.5,82.1,1413236240384,721662713856,
1764967284.5289257,78.9,87.6,1413238853632,721662722048,
1764967285.530396,40.1,77.0,1413239017472,721663303680,
1764967286.5316837,68.3,77.9,1413239713792,721667620864,
1764967287.532856,74.2,79.2,1413239746560,721667620864,
1764967288.5346816,91.9,80.7,1413240082432,721671323648,
1764967289.5359545,85.6,82.3,1413240090624,721671331840,
1764967290.5370176,58.8,85.6,1413241040896,721671880704,
1764967291.5376859,21.7,75.4,1413241081856,721674412032,
1764967292.538653,62.8,78.0,1413241081856,721674420224,
1764967293.5406094,90.0,80.1,1413241450496,721680211968,
1764967294.5444686,95.0,80.8,1413242343424,721683980288,
1764967295.5455482,70.3,81.3,1413242540032,721690607616,
1764967296.5466533,65.9,84.5,1413243400192,721697005568,
1764967297.5484807,55.7,76.6,1413243834368,721698086912,
1764967298.55099,71.0,77.0,1413243940864,721699332096,
1764967299.5524845,84.7,78.0,1413244334080,721724342272,
1764967300.55463,78.0,80.0,1413244383232,721724342272,
1764967301.556156,93.2,81.1,1413244399616,721733328896,
1764967302.5573492,87.6,85.3,1413297188864,721733328896,
1764967303.5580041,70.0,79.3,1413319192576,721733918720,
1764967304.5587041,26.5,75.0,1413319553024,721738883072,
1764967305.5600872,68.5,77.2,1413319585792,721739513856,
1764967306.5645308,87.1,78.9,1413319585792,721740414976,
1764967307.565826,87.4,80.3,1413319585792,721740414976,
1764967308.5667953,67.5,80.3,1413319651328,721740414976,
1764967309.5677204,40.3,80.7,1413320757248,721742995456,
1764967310.5685394,31.9,75.3,1413320773632,721742995456,
1764967311.569762,80.5,78.2,1413320798208,721742995456,
1764967312.5705974,67.3,77.9,1413320863744,721742995456,
1764967313.5715954,68.7,79.1,1413320912896,721742995456,
1764967314.5725458,86.7,81.4,1413320978432,721744568320,
1764967315.573748,76.2,87.7,1413321576448,721744568320,
1764967316.5748553,33.3,75.7,1413321945088,721744576512,
1764967317.575876,60.3,78.7,1413322117120,721744576512,
1764967318.577472,79.0,80.3,1413322223616,721744576512,
1764967319.5792074,93.2,81.5,1413322256384,721748639744,
1764967320.5800557,75.3,81.9,1413322256384,721749123072,
1764967321.5806,45.5,86.4,1413323108352,721750024192,
1764967322.5815015,13.6,76.4,1413323132928,721750024192,
1764967323.5835564,83.3,80.2,1413323141120,721750024192,
1764967324.5846753,88.5,81.3,1413323198464,721752383488,
1764967325.588432,67.1,80.4,1413323321344,721753587712,
1764967326.5898657,70.9,82.1,1413323370496,721753587712,
1764967327.5909576,70.7,87.5,1413324271616,721753587712,
1764967328.5917463,41.0,73.0,1413324345344,721753587712,
1764967329.5925376,63.1,76.6,1413324353536,721757429760,
1764967330.5942128,82.6,79.0,1413326106624,721758240768,
1764967331.5959206,93.4,81.7,1413327015936,721758240768,
1764967332.5968854,93.3,83.1,1413328105472,721758494720,
1764967333.5979502,80.5,86.4,1413337247744,721784233984,
1764967334.5988948,51.8,75.6,1413339467776,721833041920,
1764967335.6000686,73.1,79.7,1413401833472,721833738240,
1764967336.6017306,92.0,81.1,1413402234880,721834065920,
1764967337.6049626,88.4,82.6,1413403160576,721835384832,
1764967338.6060505,89.4,82.0,1413403684864,721841438720,
1764967339.6071851,57.6,87.9,1413405118464,721847476224,
1764967340.608171,47.9,76.9,1413406224384,721848344576,
1764967341.6095858,82.7,80.3,1413406470144,721850130432,
1764967342.6106255,83.7,79.4,1413406486528,721850580992,
1764967343.6121688,72.9,80.6,1413407232000,721851473920,
1764967344.6132262,94.9,81.3,1413409665024,721871863808,
1764967345.6145222,81.0,83.4,1413409771520,721872175104,
1764967346.6158295,71.2,87.8,1413415505920,721920262144,
1764967347.616771,12.9,76.7,1413415964672,721920262144,
1764967348.6177793,60.0,77.4,1413417521152,721923383296,
1764967349.6193943,90.9,78.9,1413417775104,721923637248,
1764967350.6207001,87.2,80.2,1413417775104,721927110656,
1764967351.621837,87.6,80.2,1413417832448,721927110656,
1764967352.6229713,54.6,85.2,1413419134976,721927110656,
1764967353.6239183,33.4,75.8,1413420617728,721927110656,
1764967354.6256003,81.9,79.1,1413420863488,721928601600,
1764967355.6267543,80.7,78.8,1413420879872,721930362880,
1764967356.6280725,71.8,79.9,1413420888064,721930362880,
1764967357.6289625,74.3,81.3,1413420937216,721930362880,
1764967358.6304383,73.0,87.7,1413421436928,721930362880,
1764967359.6313078,47.3,74.5,1413421715456,721931821056,
1764967360.6321697,53.9,77.8,1413421854720,721933467648,
1764967361.6329758,79.0,79.0,1413422772224,721933492224,
1764967362.634298,91.4,80.3,1413422927872,721933590528,
1764967363.6358356,92.9,81.2,1413422960640,721933590528,
1764967364.636749,64.6,81.8,1413423001600,721934393344,
1764967365.63754,49.5,83.4,1413423738880,721938497536,
1764967366.6393886,62.7,78.5,1413423747072,721938497536,
1764967367.6410909,92.7,79.6,1413423853568,721938497536,
1764967368.6444497,83.5,81.3,1413423878144,721938497536,
1764967369.6463904,89.7,80.6,1413426024448,721940635648,
1764967370.648044,56.0,85.7,1413426982912,721942241280,
1764967371.6487923,44.6,76.3,1413429645312,721942241280,
1764967372.6495996,54.1,76.7,1413431988224,721942265856,
1764967373.6507218,64.7,78.2,1413432324096,721943437312,
1764967374.6518044,80.6,79.7,1413432668160,721944207360,
1764967375.6543472,86.7,81.7,1413433044992,721947107328,
1764967376.6566932,78.0,85.3,1413433561088,721947107328,
1764967377.6576705,29.9,78.7,1413433806848,721947107328,
1764967378.6584089,40.9,77.2,1413433839616,721947107328,
1764967379.6597085,85.5,79.7,1413433896960,721947803648,
1764967380.6613064,91.7,81.0,1413433896960,721949908992,
1764967381.6624374,77.7,81.2,1413433896960,721949908992,
1764967382.663451,62.0,83.9,1413438861312,721949908992,
1764967383.664403,29.9,76.1,1413439107072,721949908992,
1764967384.6676636,73.3,79.6,1413439148032,721950810112,
1764967385.6686702,78.6,79.0,1413439156224,721954865152,
1764967386.669743,70.7,80.0,1413439770624,721954865152,
1764967387.671695,85.0,81.6,1413439770624,721954865152,
1764967388.6728072,77.9,84.3,1413439852544,721954865152,
1764967389.6739678,47.3,75.1,1413442777088,721954865152,
1764967390.6749315,47.2,78.2,1413443416064,721955799040,
1764967391.675926,66.5,79.5,1413443465216,721957150720,
1764967392.6811376,88.3,81.3,1413443571712,721957150720,
1764967393.6826,90.7,82.6,1413446520832,721957150720,
1764967394.683899,54.1,85.7,1413447766016,721957150720,
1764967395.6849644,9.6,74.5,1413447766016,721957740544,
1764967396.6867428,61.6,78.2,1413447766016,721960009728,
1764967397.6902049,90.7,79.8,1413448232960,721960009728,
1764967398.6911473,67.3,79.6,1413448232960,721960009728,
1764967399.6919565,65.0,81.1,1413448232960,721960910848,
1764967400.6937063,61.9,86.8,1413478551552,721961787392,
1764967401.6947606,46.6,78.2,1413537550336,721964982272,
1764967402.6957893,65.0,79.0,1413554835456,721967439872,
1764967403.6967676,64.7,80.4,1413554843648,721968275456,
1764967404.6982985,76.2,82.9,1413554991104,721968660480,
1764967405.700464,95.7,85.8,1413556703232,721969487872,
1764967406.704108,67.4,88.8,1413559357440,721970593792,
1764967407.7047691,31.9,78.4,1413645455360,721972035584,
1764967408.7061,38.4,80.3,1413646094336,721972035584,
1764967409.7073946,80.4,82.2,1413646274560,721972035584,
1764967410.7084374,76.2,82.1,1413650845696,721972035584,
1764967411.7094107,59.3,84.3,1413650960384,721988460544,
1764967412.7104769,51.6,81.8,1413669515264,721988460544,
1764967413.7122002,68.4,78.2,1413684432896,721994047488,
1764967414.7132375,76.2,77.0,1413685809152,721994047488,TASK_KILLED
1764967415.7145333,68.6,79.1,1413687447552,721994047488,
1764967416.717833,76.2,81.4,1413687545856,721994792960,
1764967417.719066,93.5,83.4,1413696999424,721994792960,
1764967418.7203197,80.2,85.6,1413713186816,721996750848,
1764967419.721223,59.3,79.7,1413713850368,721996750848,
1764967420.724449,46.3,76.1,1413714104320,721996750848,
1764967421.727871,88.8,78.6,1413714808832,721999699968,
1764967422.7291965,89.8,80.3,1413718839296,722010513408,
1764967423.7305813,71.3,79.8,1413728636928,722011889664,
1764967424.73163,66.9,81.6,1413728661504,722011889664,
1764967425.7329314,76.1,86.0,1413808459776,722011889664,
1764967426.7336845,49.0,82.0,1413844668416,722012119040,
1764967427.7347555,37.4,79.5,1413847617536,722012119040,
1764967428.7359085,65.0,81.0,1413847674880,722012954624,
1764967429.7377768,77.8,83.3,1413847691264,722012954624,
1764967430.738834,91.5,84.7,1413851353088,722013822976,
1764967431.7397742,58.6,88.6,1413852270592,722022596608,
1764967432.741279,15.2,77.6,1413853106176,722022711296,
1764967433.7422657,38.9,80.8,1413891280896,722023464960,
1764967434.7434933,86.2,82.7,1413895499776,722023464960,
1764967435.7445753,66.6,82.3,1413896630272,722023473152,
1764967436.7455165,63.6,84.1,1413896630272,722023473152,
1764967437.7468107,59.8,88.2,1413897809920,722055454720,
1764967438.747939,48.5,77.3,1413897834496,722060099584,
1764967439.7489805,61.4,77.4,1413898104832,722060099584,
1764967440.7501245,63.7,79.2,1413898104832,722060099584,
1764967441.7530923,72.7,81.7,1413900693504,722060099584,
1764967442.7542012,67.4,77.0,1413902929920,722060099584,
1764967443.7553425,32.7,76.5,1413903626240,722060787712,
1764967444.756373,54.4,78.4,1413904191488,722061770752,
1764967445.7578573,89.6,80.3,1413904805888,722061770752,
1764967446.7587311,80.4,82.6,1413904805888,722061770752,
1764967447.7598917,62.0,83.5,1413905608704,722061770752,
1764967448.7610269,35.8,80.1,1413905788928,722062540800,
1764967449.762577,76.5,79.0,1413905944576,722062540800,
1764967450.763562,87.4,80.8,1413905944576,722062540800,
1764967451.7647033,68.6,80.6,1413905944576,722062565376,
1764967452.7656875,56.5,84.3,1413906280448,722068701184,
1764967453.766921,45.6,80.8,1413906599936,722069790720,
1764967454.768738,86.5,78.9,1413906673664,722070192128,
1764967455.7699676,74.5,78.8,1413906731008,722070216704,
1764967456.7710009,78.3,79.5,1413948149760,722070216704,
1764967457.7747338,73.7,82.2,1413948420096,722070216704,
1764967458.775583,72.7,84.8,1413957529600,722070765568,
1764967459.7766602,33.5,76.2,1414004707328,722071756800,
1764967460.7778172,60.5,77.9,1414009278464,722071756800,
1764967461.7811987,83.0,80.6,1414009810944,722073223168,
1764967462.7821531,89.0,81.8,1414009810944,722073223168,
1764967463.7834835,73.0,83.9,1414010097664,722073223168,
1764967464.7844064,37.9,79.8,1414010351616,722073542656,
1764967465.7858448,47.6,78.5,1414010368000,722073583616,
1764967466.7878952,92.2,80.7,1414010376192,722074329088,
1764967467.7887778,85.2,82.3,1414011097088,722083266560,
1764967468.7908762,72.0,82.5,1414011252736,722083266560,
1764967469.7917438,50.2,83.8,1414011514880,722083266560,
1764967470.792584,72.6,79.3,1414011539456,722083291136,
1764967471.7936575,84.9,81.4,1414011547648,722084249600,
1764967472.7944932,69.3,81.3,1414011580416,722084249600,
1764967473.7959242,60.6,83.8,1414011760640,722084249600,
1764967474.7964678,51.8,84.8,1414011998208,722084249600,
1764967475.7974868,55.3,78.4,1414012416000,722084945920,
1764967476.7984924,66.9,80.4,1414012416000,722084945920,
1764967477.7995515,67.2,82.4,1414012440576,722084945920,
1764967478.8006868,79.1,87.2,1414012547072,722085060608,
1764967479.8017344,56.8,84.3,1414012776448,722091753472,
1764967480.8024385,38.2,79.4,1414012841984,722092482560,
1764967481.8035514,73.9,82.1,1414012866560,722092482560,
1764967482.8050838,86.1,83.9,1414013292544,722092482560,
1764967483.8059385,84.8,84.4,1414013612032,722098511872,
1764967484.8069856,44.4,84.3,1414013833216,722098511872,
1764967485.8078172,36.7,79.7,1414013988864,722099527680,
1764967486.81042,86.4,82.6,1414014029824,722099527680,
1764967487.813727,85.7,83.9,1414016167936,722099527680,
1764967488.8148046,77.4,84.7,1414017101824,722099527680,
1764967489.81562,44.6,84.7,1414017388544,722099527680,
1764967490.8165562,50.7,80.4,1414017429504,722100224000,
1764967491.8178625,87.8,82.6,1414017429504,722100224000,
1764967492.818733,77.9,80.5,1414017560576,722100256768,
1764967493.819864,72.9,82.4,1414020952064,722100477952,
1764967494.8208191,68.0,81.6,1414023753728,722100477952,
1764967495.8219867,77.7,78.8,1414024818688,722103836672,
1764967496.8228638,52.6,78.2,1414026317824,722104524800,
1764967497.8240006,59.9,81.3,1414027137024,722104524800,
1764967498.8257368,65.7,79.6,1414027423744,722114027520,
1764967499.8272164,87.6,81.1,1414027710464,722114027520,
1764967500.828193,66.9,83.9,1414028177408,722114027520,
1764967501.8293176,46.6,77.6,1414028251136,722115018752,
1764967502.8311594,67.6,80.5,1414028275712,722115018752,
1764967503.8327558,83.2,83.2,1414028357632,722115018752,
1764967504.833732,75.2,79.5,1414028357632,722115018752,
1764967505.8351977,56.2,83.7,1414028619776,722115796992,
1764967506.8362205,42.6,77.9,1414029250560,722116435968,
1764967507.837591,76.4,80.8,1414029488128,722116435968,
1764967508.8413672,70.6,76.2,1414031667200,722122407936,
1764967509.8425026,71.6,78.1,1414031822848,722122407936,
1764967510.8437488,74.6,80.1,1414032896000,722122407936,
1764967511.8505003,90.9,78.5,1414038237184,722123382784,
1764967512.8515842,98.8,80.6,1414042603520,722123382784,
1764967513.8529058,84.8,81.2,1414068891648,722123382784,
1764967514.8541143,79.0,84.4,1414279647232,722215165952,
1764967515.8553112,74.1,84.7,1414291312640,722348318720,
1764967516.8567274,88.8,85.4,1414385152000,722532679680,
1764967517.8578727,92.4,86.0,1414427865088,722532761600,
1764967518.8588214,74.4,79.3,1414550220800,722532794368,
1764967519.8598363,67.3,82.0,1414609522688,722534088704,
1764967520.8612058,81.9,79.8,1414629920768,722534113280,
1764967521.8644826,93.0,78.2,1414634541056,722550915072,
1764967522.8659546,90.6,76.9,1414636236800,722551414784,
1764967523.8673823,58.5,69.9,1414724194304,722552455168,
1764967524.8679647,45.2,71.0,1414797930496,722552455168,
1764967525.8712323,70.5,74.1,1414798962688,722552504320,
1764967526.8721478,56.0,73.4,1414800723968,722552537088,
1764967527.8729608,15.0,68.0,1414806360064,722552733696,
1764967528.8739855,8.5,66.9,1414806990848,722553823232,
1764967529.8749065,23.5,66.5,1414808317952,722553831424,
1764967530.8760471,2.4,64.8,1414809071616,722553831424,
